{
    "loss": 15.971997261047363,
    "accuracy": 0.5686274766921997
}